{
  "Statistics Instruments" : {
    "transaction" : "Statistics Instruments",
    "sampleCount" : 124,
    "errorCount" : 0,
    "errorPct" : 0.0,
    "meanResTime" : 8.64516129032258,
    "medianResTime" : 4.5,
    "minResTime" : 2.0,
    "maxResTime" : 377.0,
    "pct1ResTime" : 11.5,
    "pct2ResTime" : 14.0,
    "pct3ResTime" : 288.5,
    "throughput" : 0.41446066634579387,
    "receivedKBytesPerSec" : 0.10550180866958125,
    "sentKBytesPerSec" : 0.13377532722338092
  },
  "Ticks" : {
    "transaction" : "Ticks",
    "sampleCount" : 124,
    "errorCount" : 0,
    "errorPct" : 0.0,
    "meanResTime" : 6.604838709677419,
    "medianResTime" : 4.0,
    "minResTime" : 2.0,
    "maxResTime" : 198.0,
    "pct1ResTime" : 8.0,
    "pct2ResTime" : 11.5,
    "pct3ResTime" : 152.75,
    "throughput" : 0.41480589425794906,
    "receivedKBytesPerSec" : 0.04280821917808219,
    "sentKBytesPerSec" : 0.21611878418385266
  },
  "Total" : {
    "transaction" : "Total",
    "sampleCount" : 373,
    "errorCount" : 0,
    "errorPct" : 0.0,
    "meanResTime" : 7.54691689008043,
    "medianResTime" : 4.0,
    "minResTime" : 2.0,
    "maxResTime" : 377.0,
    "pct1ResTime" : 9.600000000000023,
    "pct2ResTime" : 13.0,
    "pct3ResTime" : 68.49999999999841,
    "throughput" : 1.2445363851723334,
    "receivedKBytesPerSec" : 0.2364329789629976,
    "sentKBytesPerSec" : 0.48071208418137534
  },
  "Statistics" : {
    "transaction" : "Statistics",
    "sampleCount" : 125,
    "errorCount" : 0,
    "errorPct" : 0.0,
    "meanResTime" : 7.3919999999999995,
    "medianResTime" : 4.0,
    "minResTime" : 2.0,
    "maxResTime" : 337.0,
    "pct1ResTime" : 7.400000000000006,
    "pct2ResTime" : 11.699999999999989,
    "pct3ResTime" : 254.83999999999838,
    "throughput" : 0.41706983417303395,
    "receivedKBytesPerSec" : 0.0884188048446832,
    "sentKBytesPerSec" : 0.13161159954622803
  }
}