{
  "Statistics Instruments" : {
    "transaction" : "Statistics Instruments",
    "sampleCount" : 125,
    "errorCount" : 0,
    "errorPct" : 0.0,
    "meanResTime" : 7.400000000000004,
    "medianResTime" : 6.0,
    "minResTime" : 2.0,
    "maxResTime" : 59.0,
    "pct1ResTime" : 12.400000000000006,
    "pct2ResTime" : 21.199999999999932,
    "pct3ResTime" : 54.0599999999999,
    "throughput" : 0.4167972631424513,
    "receivedKBytesPerSec" : 0.10604885364080745,
    "sentKBytesPerSec" : 0.13453108536508104
  },
  "Ticks" : {
    "transaction" : "Ticks",
    "sampleCount" : 124,
    "errorCount" : 0,
    "errorPct" : 0.0,
    "meanResTime" : 5.362903225806452,
    "medianResTime" : 4.0,
    "minResTime" : 2.0,
    "maxResTime" : 42.0,
    "pct1ResTime" : 10.5,
    "pct2ResTime" : 12.75,
    "pct3ResTime" : 38.5,
    "throughput" : 0.4144011068519886,
    "receivedKBytesPerSec" : 0.042518409936269125,
    "sentKBytesPerSec" : 0.1806999786115558
  },
  "Total" : {
    "transaction" : "Total",
    "sampleCount" : 373,
    "errorCount" : 0,
    "errorPct" : 0.0,
    "meanResTime" : 6.348525469168901,
    "medianResTime" : 4.0,
    "minResTime" : 2.0,
    "maxResTime" : 59.0,
    "pct1ResTime" : 12.0,
    "pct2ResTime" : 17.0,
    "pct3ResTime" : 40.51999999999998,
    "throughput" : 1.2437230332170748,
    "receivedKBytesPerSec" : 0.23641847883170058,
    "sentKBytesPerSec" : 0.4452925197811981
  },
  "Statistics" : {
    "transaction" : "Statistics",
    "sampleCount" : 124,
    "errorCount" : 0,
    "errorPct" : 0.0,
    "meanResTime" : 6.274193548387098,
    "medianResTime" : 4.0,
    "minResTime" : 2.0,
    "maxResTime" : 59.0,
    "pct1ResTime" : 13.0,
    "pct2ResTime" : 17.75,
    "pct3ResTime" : 51.25,
    "throughput" : 0.41431526050072004,
    "receivedKBytesPerSec" : 0.08812878710042801,
    "sentKBytesPerSec" : 0.1307395402102984
  }
}