{
  "Statistics Instruments" : {
    "transaction" : "Statistics Instruments",
    "sampleCount" : 124,
    "errorCount" : 0,
    "errorPct" : 0.0,
    "meanResTime" : 7.23387096774193,
    "medianResTime" : 5.0,
    "minResTime" : 2.0,
    "maxResTime" : 86.0,
    "pct1ResTime" : 16.0,
    "pct2ResTime" : 21.5,
    "pct3ResTime" : 74.75,
    "throughput" : 0.41434571803773884,
    "receivedKBytesPerSec" : 0.10535507381368477,
    "sentKBytesPerSec" : 0.1337382253973876
  },
  "Ticks" : {
    "transaction" : "Ticks",
    "sampleCount" : 124,
    "errorCount" : 0,
    "errorPct" : 0.0,
    "meanResTime" : 4.822580645161291,
    "medianResTime" : 4.0,
    "minResTime" : 2.0,
    "maxResTime" : 62.0,
    "pct1ResTime" : 7.0,
    "pct2ResTime" : 9.75,
    "pct3ResTime" : 51.5,
    "throughput" : 0.4145119289178899,
    "receivedKBytesPerSec" : 0.04228167924130946,
    "sentKBytesPerSec" : 0.18074830267393624
  },
  "Total" : {
    "transaction" : "Total",
    "sampleCount" : 372,
    "errorCount" : 0,
    "errorPct" : 0.0,
    "meanResTime" : 5.865591397849463,
    "medianResTime" : 4.0,
    "minResTime" : 2.0,
    "maxResTime" : 86.0,
    "pct1ResTime" : 10.0,
    "pct2ResTime" : 15.049999999999898,
    "pct3ResTime" : 46.66999999999962,
    "throughput" : 1.2430371541132166,
    "receivedKBytesPerSec" : 0.2354679047054971,
    "sentKBytesPerSec" : 0.4451632029258154
  },
  "Statistics" : {
    "transaction" : "Statistics",
    "sampleCount" : 124,
    "errorCount" : 0,
    "errorPct" : 0.0,
    "meanResTime" : 5.54032258064516,
    "medianResTime" : 4.0,
    "minResTime" : 2.0,
    "maxResTime" : 86.0,
    "pct1ResTime" : 9.0,
    "pct2ResTime" : 11.0,
    "pct3ResTime" : 72.0,
    "throughput" : 0.41439279758582775,
    "receivedKBytesPerSec" : 0.08785808738508119,
    "sentKBytesPerSec" : 0.13076400747912162
  }
}