{
  "Statistics Instruments" : {
    "transaction" : "Statistics Instruments",
    "sampleCount" : 124,
    "errorCount" : 0,
    "errorPct" : 0.0,
    "meanResTime" : 6.37096774193548,
    "medianResTime" : 4.0,
    "minResTime" : 2.0,
    "maxResTime" : 159.0,
    "pct1ResTime" : 8.0,
    "pct2ResTime" : 9.75,
    "pct3ResTime" : 132.5,
    "throughput" : 0.4145535024756199,
    "receivedKBytesPerSec" : 0.1054764680292327,
    "sentKBytesPerSec" : 0.13380529190918602
  },
  "Ticks" : {
    "transaction" : "Ticks",
    "sampleCount" : 124,
    "errorCount" : 0,
    "errorPct" : 0.0,
    "meanResTime" : 6.080645161290321,
    "medianResTime" : 4.0,
    "minResTime" : 2.0,
    "maxResTime" : 113.0,
    "pct1ResTime" : 9.0,
    "pct2ResTime" : 12.0,
    "pct3ResTime" : 90.25,
    "throughput" : 0.4150280311271023,
    "receivedKBytesPerSec" : 0.04314165655593674,
    "sentKBytesPerSec" : 0.21623452012383904
  },
  "Total" : {
    "transaction" : "Total",
    "sampleCount" : 372,
    "errorCount" : 0,
    "errorPct" : 0.0,
    "meanResTime" : 6.072580645161294,
    "medianResTime" : 4.0,
    "minResTime" : 2.0,
    "maxResTime" : 160.0,
    "pct1ResTime" : 8.0,
    "pct2ResTime" : 10.0,
    "pct3ResTime" : 69.19999999999891,
    "throughput" : 1.243656349668024,
    "receivedKBytesPerSec" : 0.236453637235138,
    "sentKBytesPerSec" : 0.4806056890591673
  },
  "Statistics" : {
    "transaction" : "Statistics",
    "sampleCount" : 124,
    "errorCount" : 0,
    "errorPct" : 0.0,
    "meanResTime" : 5.766129032258066,
    "medianResTime" : 4.0,
    "minResTime" : 2.0,
    "maxResTime" : 160.0,
    "pct1ResTime" : 8.0,
    "pct2ResTime" : 9.75,
    "pct3ResTime" : 123.25,
    "throughput" : 0.41469214124949416,
    "receivedKBytesPerSec" : 0.08791502134494025,
    "sentKBytesPerSec" : 0.1308584670771227
  }
}