{
  "Statistics Instruments" : {
    "transaction" : "Statistics Instruments",
    "sampleCount" : 124,
    "errorCount" : 0,
    "errorPct" : 0.0,
    "meanResTime" : 7.088709677419352,
    "medianResTime" : 4.0,
    "minResTime" : 2.0,
    "maxResTime" : 175.0,
    "pct1ResTime" : 11.5,
    "pct2ResTime" : 14.0,
    "pct3ResTime" : 138.5,
    "throughput" : 0.4146117194683608,
    "receivedKBytesPerSec" : 0.10538679156566079,
    "sentKBytesPerSec" : 0.13382408258797962
  },
  "Ticks" : {
    "transaction" : "Ticks",
    "sampleCount" : 124,
    "errorCount" : 0,
    "errorPct" : 0.0,
    "meanResTime" : 5.870967741935487,
    "medianResTime" : 4.0,
    "minResTime" : 2.0,
    "maxResTime" : 67.0,
    "pct1ResTime" : 9.0,
    "pct2ResTime" : 15.75,
    "pct3ResTime" : 56.25,
    "throughput" : 0.4148128324356873,
    "receivedKBytesPerSec" : 0.04280893520222125,
    "sentKBytesPerSec" : 0.21612239905663533
  },
  "Total" : {
    "transaction" : "Total",
    "sampleCount" : 372,
    "errorCount" : 0,
    "errorPct" : 0.0,
    "meanResTime" : 6.448924731182792,
    "medianResTime" : 4.0,
    "minResTime" : 2.0,
    "maxResTime" : 175.0,
    "pct1ResTime" : 10.0,
    "pct2ResTime" : 13.349999999999966,
    "pct3ResTime" : 39.25999999999931,
    "throughput" : 1.2438351584050822,
    "receivedKBytesPerSec" : 0.2360468214494692,
    "sentKBytesPerSec" : 0.480674788932542
  },
  "Statistics" : {
    "transaction" : "Statistics",
    "sampleCount" : 124,
    "errorCount" : 0,
    "errorPct" : 0.0,
    "meanResTime" : 6.387096774193547,
    "medianResTime" : 4.0,
    "minResTime" : 2.0,
    "maxResTime" : 175.0,
    "pct1ResTime" : 9.5,
    "pct2ResTime" : 12.5,
    "pct3ResTime" : 137.0,
    "throughput" : 0.41465331304653147,
    "receivedKBytesPerSec" : 0.08788066490829138,
    "sentKBytesPerSec" : 0.1308462146165293
  }
}