{
  "Statistics Instruments" : {
    "transaction" : "Statistics Instruments",
    "sampleCount" : 124,
    "errorCount" : 0,
    "errorPct" : 0.0,
    "meanResTime" : 6.258064516129034,
    "medianResTime" : 4.0,
    "minResTime" : 2.0,
    "maxResTime" : 147.0,
    "pct1ResTime" : 9.5,
    "pct2ResTime" : 17.75,
    "pct3ResTime" : 116.5,
    "throughput" : 0.4144578957571544,
    "receivedKBytesPerSec" : 0.10539991740088106,
    "sentKBytesPerSec" : 0.13377443296143537
  },
  "Ticks" : {
    "transaction" : "Ticks",
    "sampleCount" : 124,
    "errorCount" : 0,
    "errorPct" : 0.0,
    "meanResTime" : 6.225806451612904,
    "medianResTime" : 4.0,
    "minResTime" : 2.0,
    "maxResTime" : 129.0,
    "pct1ResTime" : 6.0,
    "pct2ResTime" : 10.75,
    "pct3ResTime" : 125.0,
    "throughput" : 0.4146727262390856,
    "receivedKBytesPerSec" : 0.04285652553581401,
    "sentKBytesPerSec" : 0.21604940206868184
  },
  "Total" : {
    "transaction" : "Total",
    "sampleCount" : 372,
    "errorCount" : 0,
    "errorPct" : 0.0,
    "meanResTime" : 5.940860215053765,
    "medianResTime" : 4.0,
    "minResTime" : 2.0,
    "maxResTime" : 147.0,
    "pct1ResTime" : 8.0,
    "pct2ResTime" : 12.0,
    "pct3ResTime" : 117.31999999999971,
    "throughput" : 1.2433736872714631,
    "receivedKBytesPerSec" : 0.2360832809690293,
    "sentKBytesPerSec" : 0.4804964553822706
  },
  "Statistics" : {
    "transaction" : "Statistics",
    "sampleCount" : 124,
    "errorCount" : 0,
    "errorPct" : 0.0,
    "meanResTime" : 5.338709677419354,
    "medianResTime" : 3.0,
    "minResTime" : 2.0,
    "maxResTime" : 147.0,
    "pct1ResTime" : 7.0,
    "pct2ResTime" : 10.75,
    "pct3ResTime" : 116.0,
    "throughput" : 0.4145438012329335,
    "receivedKBytesPerSec" : 0.08786724945173238,
    "sentKBytesPerSec" : 0.13081165754001683
  }
}