{
  "Statistics Instruments" : {
    "transaction" : "Statistics Instruments",
    "sampleCount" : 124,
    "errorCount" : 0,
    "errorPct" : 0.0,
    "meanResTime" : 5.266129032258067,
    "medianResTime" : 3.0,
    "minResTime" : 2.0,
    "maxResTime" : 95.0,
    "pct1ResTime" : 7.0,
    "pct2ResTime" : 17.5,
    "pct3ResTime" : 82.25,
    "throughput" : 0.4143969521772549,
    "receivedKBytesPerSec" : 0.10540726406109012,
    "sentKBytesPerSec" : 0.13375476222303911
  },
  "Ticks" : {
    "transaction" : "Ticks",
    "sampleCount" : 124,
    "errorCount" : 0,
    "errorPct" : 0.0,
    "meanResTime" : 5.14516129032258,
    "medianResTime" : 3.0,
    "minResTime" : 2.0,
    "maxResTime" : 71.0,
    "pct1ResTime" : 8.0,
    "pct2ResTime" : 12.25,
    "pct3ResTime" : 65.0,
    "throughput" : 0.41460340175403987,
    "receivedKBytesPerSec" : 0.0430354778471384,
    "sentKBytesPerSec" : 0.18078818948712888
  },
  "Total" : {
    "transaction" : "Total",
    "sampleCount" : 372,
    "errorCount" : 0,
    "errorPct" : 0.0,
    "meanResTime" : 5.137096774193547,
    "medianResTime" : 3.0,
    "minResTime" : 2.0,
    "maxResTime" : 95.0,
    "pct1ResTime" : 7.0,
    "pct2ResTime" : 13.349999999999966,
    "pct3ResTime" : 53.47999999999956,
    "throughput" : 1.2431908565317649,
    "receivedKBytesPerSec" : 0.2362150091484811,
    "sentKBytesPerSec" : 0.44521824766901713
  },
  "Statistics" : {
    "transaction" : "Statistics",
    "sampleCount" : 124,
    "errorCount" : 0,
    "errorPct" : 0.0,
    "meanResTime" : 5.0000000000000036,
    "medianResTime" : 3.0,
    "minResTime" : 2.0,
    "maxResTime" : 95.0,
    "pct1ResTime" : 8.0,
    "pct2ResTime" : 14.5,
    "pct3ResTime" : 77.75,
    "throughput" : 0.41446482229820747,
    "receivedKBytesPerSec" : 0.08780807542089906,
    "sentKBytesPerSec" : 0.13078673528733442
  }
}