{
  "Statistics Instruments" : {
    "transaction" : "Statistics Instruments",
    "sampleCount" : 124,
    "errorCount" : 0,
    "errorPct" : 0.0,
    "meanResTime" : 6.42741935483871,
    "medianResTime" : 5.0,
    "minResTime" : 2.0,
    "maxResTime" : 97.0,
    "pct1ResTime" : 9.5,
    "pct2ResTime" : 15.5,
    "pct3ResTime" : 79.5,
    "throughput" : 0.41436648710785556,
    "receivedKBytesPerSec" : 0.10536035473447128,
    "sentKBytesPerSec" : 0.13374492902303076
  },
  "Ticks" : {
    "transaction" : "Ticks",
    "sampleCount" : 124,
    "errorCount" : 0,
    "errorPct" : 0.0,
    "meanResTime" : 5.677419354838708,
    "medianResTime" : 4.0,
    "minResTime" : 2.0,
    "maxResTime" : 66.0,
    "pct1ResTime" : 10.5,
    "pct2ResTime" : 15.25,
    "pct3ResTime" : 55.25,
    "throughput" : 0.4145285573403313,
    "receivedKBytesPerSec" : 0.04271757003526836,
    "sentKBytesPerSec" : 0.21597428836478513
  },
  "Total" : {
    "transaction" : "Total",
    "sampleCount" : 372,
    "errorCount" : 0,
    "errorPct" : 0.0,
    "meanResTime" : 5.887096774193551,
    "medianResTime" : 4.0,
    "minResTime" : 2.0,
    "maxResTime" : 97.0,
    "pct1ResTime" : 10.0,
    "pct2ResTime" : 13.349999999999966,
    "pct3ResTime" : 37.52999999999929,
    "throughput" : 1.2430994613235666,
    "receivedKBytesPerSec" : 0.23583214878263134,
    "sentKBytesPerSec" : 0.4803904819349578
  },
  "Statistics" : {
    "transaction" : "Statistics",
    "sampleCount" : 124,
    "errorCount" : 0,
    "errorPct" : 0.0,
    "meanResTime" : 5.556451612903227,
    "medianResTime" : 4.0,
    "minResTime" : 2.0,
    "maxResTime" : 97.0,
    "pct1ResTime" : 8.5,
    "pct2ResTime" : 12.0,
    "pct3ResTime" : 78.75,
    "throughput" : 0.4143914127405308,
    "receivedKBytesPerSec" : 0.0877762052440565,
    "sentKBytesPerSec" : 0.1307635704833007
  }
}